{
  "book_details": [
    {
      "id": "17a4",
      "book_name": "Html",
      "book_author": "Romi",
      "book_edition": "5th",
      "book_page_number": "200",
      "book_price": "320",
      "book_descrition": "Html "
    },
    {
      "id": "032d",
      "book_name": "css",
      "book_author": "Jone",
      "book_edition": "3th",
      "book_page_number": "160",
      "book_price": "320",
      "book_descrition": "css for responsive"
    },
    {
      "id": "6fd2",
      "book_name": "css",
      "book_author": "Jone",
      "book_edition": "3th",
      "book_page_number": "160",
      "book_price": "320",
      "book_descrition": "css for responsive"
    },
    {
      "id": "f462",
      "book_name": "css",
      "book_author": "Jone",
      "book_edition": "3th",
      "book_page_number": "160",
      "book_price": "320",
      "book_descrition": "css for responsive"
    },
    {
      "id": "3db3",
      "book_name": "css",
      "book_author": "Jone",
      "book_edition": "3th",
      "book_page_number": "160",
      "book_price": "320",
      "book_descrition": "css for responsive"
    },
    {
      "id": "0f0b",
      "book_name": "css",
      "book_author": "Jone",
      "book_edition": "3th",
      "book_page_number": "160",
      "book_price": "320",
      "book_descrition": "css for responsive"
    },
    {
      "id": "fadd",
      "book_name": "React js",
      "book_author": "Romi",
      "book_edition": "4th",
      "book_page_number": "45354",
      "book_price": "3543",
      "book_descrition": "rwrwer"
    },
    {
      "id": "c66a",
      "book_name": "React js",
      "book_author": "Romi",
      "book_edition": "4th",
      "book_page_number": "45354",
      "book_price": "3543",
      "book_descrition": "rwrwer"
    },
    {
      "id": "d924",
      "book_name": "Html",
      "book_author": "Jone",
      "book_edition": "3 rd",
      "book_page_number": "65",
      "book_price": "455",
      "book_descrition": "hi"
    },
    {
      "id": "89a2",
      "book_name": "Html",
      "book_author": "Jone",
      "book_edition": "3 rd",
      "book_page_number": "65",
      "book_price": "455",
      "book_descrition": "hi"
    },
    {
      "id": "9386",
      "book_name": "Html",
      "book_author": "Jone",
      "book_edition": "3 rd",
      "book_page_number": "65",
      "book_price": "455",
      "book_descrition": "hi"
    },
    {
      "id": "c374",
      "book_name": "Html",
      "book_author": "Jone",
      "book_edition": "3 rd",
      "book_page_number": "65",
      "book_price": "455",
      "book_descrition": "hi"
    },
    {
      "id": "8366",
      "book_name": "",
      "book_author": "",
      "book_edition": "",
      "book_page_number": "",
      "book_price": "",
      "book_descrition": ""
    }
  ]
}